model,score_column,evaluation_target,split/test_set,threshold,n_samples,predicted_positive_rate,precision,recall,f1,true_positive_rate,false_positive_count,false_negative_count
rule_baseline,silver_label_score,rugcheck_binary,all_usable_rugcheck,0.01,165259,1.0,0.820633066882893,1.0,0.9014810087876733,0.820633066882893,29642,0
rule_baseline,silver_label_score,rugcheck_binary,all_usable_rugcheck,0.02,165259,1.0,0.820633066882893,1.0,0.9014810087876733,0.820633066882893,29642,0
rule_baseline,silver_label_score,rugcheck_binary,all_usable_rugcheck,0.05,165259,1.0,0.820633066882893,1.0,0.9014810087876733,0.820633066882893,29642,0
rule_baseline,silver_label_score,rugcheck_binary,all_usable_rugcheck,0.1,165259,1.0,0.820633066882893,1.0,0.9014810087876733,0.820633066882893,29642,0
rule_baseline,silver_label_score,rugcheck_binary,all_usable_rugcheck,0.2,165259,0.9998547734162738,0.8206735861046388,0.9999041418111299,0.9014665018015503,0.820633066882893,29631,13
rule_baseline,silver_label_score,rugcheck_binary,all_usable_rugcheck,0.3,165259,0.9780526325343855,0.8217617798455751,0.9793978630997588,0.8936817281134671,0.820633066882893,28809,2794
rule_baseline,silver_label_score,rugcheck_binary,all_usable_rugcheck,0.5,165259,0.4409805214844577,0.8177589329820517,0.4394360589011702,0.5716738691466859,0.820633066882893,13281,76022
rule_baseline,silver_label_score,rugcheck_binary,all_usable_rugcheck,0.7,165259,0.03771050290755723,0.837772785622593,0.0384981233916102,0.07361349040176526,0.820633066882893,1011,130396
rule_baseline,silver_label_score,rugcheck_binary,all_usable_rugcheck,0.9,165259,0.0,0.0,0.0,0.0,0.820633066882893,0,135617
old_weak_token_logistic,token_logistic_score,rugcheck_binary,all_usable_rugcheck,0.01,165259,0.4611851699453585,0.8076887751754904,0.45391064542055937,0.5811964198043733,0.820633066882893,14657,74059
old_weak_token_logistic,token_logistic_score,rugcheck_binary,all_usable_rugcheck,0.02,165259,0.4510798201610805,0.8079146824066,0.44408886791478946,0.573138816722338,0.820633066882893,14319,75391
old_weak_token_logistic,token_logistic_score,rugcheck_binary,all_usable_rugcheck,0.05,165259,0.4390441670347757,0.8094713049230939,0.433072549901561,0.5642614556162423,0.820633066882893,13824,76885
old_weak_token_logistic,token_logistic_score,rugcheck_binary,all_usable_rugcheck,0.1,165259,0.37127781240356045,0.8070798767866747,0.36514596252682185,0.5028074771289612,0.820633066882893,11837,86097
old_weak_token_logistic,token_logistic_score,rugcheck_binary,all_usable_rugcheck,0.2,165259,0.18957515173152445,0.7930671263047017,0.183207120051321,0.2976531333485079,0.820633066882893,6483,110771
old_weak_token_logistic,token_logistic_score,rugcheck_binary,all_usable_rugcheck,0.3,165259,0.08924778680737509,0.7830361380432572,0.08515894025085351,0.15361185374353245,0.820633066882893,3200,124068
old_weak_token_logistic,token_logistic_score,rugcheck_binary,all_usable_rugcheck,0.5,165259,0.03676653011333725,0.7368334430546412,0.033012085505504475,0.06319295942636545,0.820633066882893,1599,131140
old_weak_token_logistic,token_logistic_score,rugcheck_binary,all_usable_rugcheck,0.7,165259,0.02140881888429677,0.7012436404748446,0.018294166660521912,0.035658079120405306,0.820633066882893,1057,133136
old_weak_token_logistic,token_logistic_score,rugcheck_binary,all_usable_rugcheck,0.9,165259,0.011255060238776707,0.6532258064516129,0.008959053805938784,0.017675683932585087,0.820633066882893,645,134402
old_weak_xgboost_token,token_model_score,rugcheck_binary,all_usable_rugcheck,0.01,165259,0.024240737266956715,0.7613579630554169,0.022489805850299003,0.043689077014531986,0.820633066882893,956,132567
old_weak_xgboost_token,token_model_score,rugcheck_binary,all_usable_rugcheck,0.02,165259,0.010674153903872104,0.713718820861678,0.009283496906729981,0.018328589834110978,0.820633066882893,505,134358
old_weak_xgboost_token,token_model_score,rugcheck_binary,all_usable_rugcheck,0.05,165259,0.006178180916016677,0.66307541625857,0.004991999528082763,0.009909395629327127,0.820633066882893,344,134940
old_weak_xgboost_token,token_model_score,rugcheck_binary,all_usable_rugcheck,0.1,165259,0.005560967935180535,0.6561479869423286,0.004446345222206656,0.008832835296185622,0.820633066882893,316,135014
old_weak_xgboost_token,token_model_score,rugcheck_binary,all_usable_rugcheck,0.2,165259,0.004937703846689136,0.6446078431372549,0.0038785697958220577,0.007710744467980621,0.820633066882893,290,135091
old_weak_xgboost_token,token_model_score,rugcheck_binary,all_usable_rugcheck,0.3,165259,0.0045806884950290155,0.6446499339498019,0.0035983689360478406,0.007156789417337616,0.820633066882893,269,135129
old_weak_xgboost_token,token_model_score,rugcheck_binary,all_usable_rugcheck,0.5,165259,0.004005833267779667,0.6676737160120846,0.0032591784215843145,0.006486692740627683,0.820633066882893,220,135175
old_weak_xgboost_token,token_model_score,rugcheck_binary,all_usable_rugcheck,0.7,165259,0.0030921160118359665,0.7025440313111546,0.0026471607541827353,0.005274447578749412,0.820633066882893,152,135258
old_weak_xgboost_token,token_model_score,rugcheck_binary,all_usable_rugcheck,0.9,165259,0.0010649949473251078,0.7840909090909091,0.0010175715433905779,0.0020325053574190128,0.820633066882893,38,135479
graphsage_direct,graphsage_score,rugcheck_binary,all_usable_rugcheck,0.01,165259,0.47721455412413244,0.8112066342057213,0.4717328948435668,0.5965563383236744,0.820633066882893,14889,71642
graphsage_direct,graphsage_score,rugcheck_binary,all_usable_rugcheck,0.02,165259,0.4439758197738096,0.8096250562211228,0.4380203071886268,0.5684824009034012,0.820633066882893,13968,76214
graphsage_direct,graphsage_score,rugcheck_binary,all_usable_rugcheck,0.05,165259,0.42775280015006745,0.8120667704059981,0.4232876409299719,0.5565007488839449,0.820633066882893,13285,78212
graphsage_direct,graphsage_score,rugcheck_binary,all_usable_rugcheck,0.1,165259,0.3695290422911914,0.8104735704460602,0.3649542461490816,0.5032818974502377,0.820633066882893,11574,86123
graphsage_direct,graphsage_score,rugcheck_binary,all_usable_rugcheck,0.2,165259,0.13713625279107342,0.7938490049861007,0.13266035968941947,0.22733131159969674,0.820633066882893,4672,117626
graphsage_direct,graphsage_score,rugcheck_binary,all_usable_rugcheck,0.3,165259,0.08947772889827484,0.7938729965510245,0.0865599445497246,0.15609957181989842,0.820633066882893,3048,123878
graphsage_direct,graphsage_score,rugcheck_binary,all_usable_rugcheck,0.5,165259,0.05183983928258068,0.7762343877670129,0.049035150460487995,0.0922432447428286,0.820633066882893,1917,128967
graphsage_direct,graphsage_score,rugcheck_binary,all_usable_rugcheck,0.7,165259,0.031489964237953756,0.7611452728670254,0.02920725277804405,0.056255814118632876,0.820633066882893,1243,131656
graphsage_direct,graphsage_score,rugcheck_binary,all_usable_rugcheck,0.9,165259,0.012610508353554118,0.6904990403071017,0.010610764137239432,0.020900356569669067,0.820633066882893,645,134178
old_weak_xgboost_token_graphsage,combined_model_score,rugcheck_binary,all_usable_rugcheck,0.01,165259,0.02000496190827731,0.7456140350877193,0.018176187351143295,0.035487284322970276,0.820633066882893,841,133152
old_weak_xgboost_token_graphsage,combined_model_score,rugcheck_binary,all_usable_rugcheck,0.02,165259,0.012029602018649515,0.7117706237424547,0.010433795173171506,0.020566113149958213,0.820633066882893,573,134202
old_weak_xgboost_token_graphsage,combined_model_score,rugcheck_binary,all_usable_rugcheck,0.05,165259,0.006916416049957945,0.6614173228346457,0.005574522368139687,0.011055864287803452,0.820633066882893,387,134861
old_weak_xgboost_token_graphsage,combined_model_score,rugcheck_binary,all_usable_rugcheck,0.1,165259,0.005736450057182967,0.6592827004219409,0.0046085667726022544,0.00915315051440706,0.820633066882893,323,134992
old_weak_xgboost_token_graphsage,combined_model_score,rugcheck_binary,all_usable_rugcheck,0.2,165259,0.004967959384965418,0.656516443361754,0.0039744279846921846,0.007901024641228983,0.820633066882893,282,135078
old_weak_xgboost_token_graphsage,combined_model_score,rugcheck_binary,all_usable_rugcheck,0.3,165259,0.0045201774184764525,0.6680053547523427,0.0036794797112456403,0.007318647150274266,0.820633066882893,248,135118
old_weak_xgboost_token_graphsage,combined_model_score,rugcheck_binary,all_usable_rugcheck,0.5,165259,0.0037758911768799278,0.6682692307692307,0.0030748357506802243,0.006121505273742852,0.820633066882893,207,135200
old_weak_xgboost_token_graphsage,combined_model_score,rugcheck_binary,all_usable_rugcheck,0.7,165259,0.0030860649041807102,0.6862745098039216,0.0025807973926572627,0.005142256863076392,0.820633066882893,160,135267
old_weak_xgboost_token_graphsage,combined_model_score,rugcheck_binary,all_usable_rugcheck,0.9,165259,0.0010044838707725448,0.7650602409638554,0.0009364607681927782,0.0018706318169432108,0.820633066882893,39,135490
rule_baseline,silver_label_score,weak_strict,rugcheck_missing_fallback,0.01,2248,1.0,0.0026690391459074734,1.0,0.005323868677905945,0.0026690391459074734,2242,0
rule_baseline,silver_label_score,weak_strict,rugcheck_missing_fallback,0.02,2248,1.0,0.0026690391459074734,1.0,0.005323868677905945,0.0026690391459074734,2242,0
rule_baseline,silver_label_score,weak_strict,rugcheck_missing_fallback,0.05,2248,1.0,0.0026690391459074734,1.0,0.005323868677905945,0.0026690391459074734,2242,0
rule_baseline,silver_label_score,weak_strict,rugcheck_missing_fallback,0.1,2248,1.0,0.0026690391459074734,1.0,0.005323868677905945,0.0026690391459074734,2242,0
rule_baseline,silver_label_score,weak_strict,rugcheck_missing_fallback,0.2,2248,1.0,0.0026690391459074734,1.0,0.005323868677905945,0.0026690391459074734,2242,0
rule_baseline,silver_label_score,weak_strict,rugcheck_missing_fallback,0.3,2248,0.9804270462633452,0.0027223230490018148,1.0,0.005429864253393665,0.0026690391459074734,2198,0
rule_baseline,silver_label_score,weak_strict,rugcheck_missing_fallback,0.5,2248,0.45195729537366547,0.005905511811023622,1.0,0.011741682974559686,0.0026690391459074734,1010,0
rule_baseline,silver_label_score,weak_strict,rugcheck_missing_fallback,0.7,2248,0.033807829181494664,0.05263157894736842,0.6666666666666666,0.0975609756097561,0.0026690391459074734,72,2
rule_baseline,silver_label_score,weak_strict,rugcheck_missing_fallback,0.9,2248,0.0,0.0,0.0,0.0,0.0026690391459074734,0,6
old_weak_token_logistic,token_logistic_score,weak_strict,rugcheck_missing_fallback,0.01,2248,0.4679715302491103,0.005703422053231939,1.0,0.011342155009451797,0.0026690391459074734,1046,0
old_weak_token_logistic,token_logistic_score,weak_strict,rugcheck_missing_fallback,0.02,2248,0.45951957295373663,0.005808325266214908,1.0,0.011549566891241578,0.0026690391459074734,1027,0
old_weak_token_logistic,token_logistic_score,weak_strict,rugcheck_missing_fallback,0.05,2248,0.45062277580071175,0.005923000987166831,1.0,0.011776251226692836,0.0026690391459074734,1007,0
old_weak_token_logistic,token_logistic_score,weak_strict,rugcheck_missing_fallback,0.1,2248,0.38033807829181493,0.007017543859649123,1.0,0.013937282229965157,0.0026690391459074734,849,0
old_weak_token_logistic,token_logistic_score,weak_strict,rugcheck_missing_fallback,0.2,2248,0.19261565836298933,0.013856812933025405,1.0,0.02733485193621868,0.0026690391459074734,427,0
old_weak_token_logistic,token_logistic_score,weak_strict,rugcheck_missing_fallback,0.3,2248,0.08540925266903915,0.03125,1.0,0.06060606060606061,0.0026690391459074734,186,0
old_weak_token_logistic,token_logistic_score,weak_strict,rugcheck_missing_fallback,0.5,2248,0.03425266903914591,0.07792207792207792,1.0,0.14457831325301204,0.0026690391459074734,71,0
old_weak_token_logistic,token_logistic_score,weak_strict,rugcheck_missing_fallback,0.7,2248,0.019572953736654804,0.13636363636363635,1.0,0.24,0.0026690391459074734,38,0
old_weak_token_logistic,token_logistic_score,weak_strict,rugcheck_missing_fallback,0.9,2248,0.009786476868327402,0.2727272727272727,1.0,0.42857142857142855,0.0026690391459074734,16,0
old_weak_xgboost_token,token_model_score,weak_strict,rugcheck_missing_fallback,0.01,2248,0.02001779359430605,0.13333333333333333,1.0,0.23529411764705882,0.0026690391459074734,39,0
old_weak_xgboost_token,token_model_score,weak_strict,rugcheck_missing_fallback,0.02,2248,0.0071174377224199285,0.375,1.0,0.5454545454545454,0.0026690391459074734,10,0
old_weak_xgboost_token,token_model_score,weak_strict,rugcheck_missing_fallback,0.05,2248,0.0035587188612099642,0.75,1.0,0.8571428571428571,0.0026690391459074734,2,0
old_weak_xgboost_token,token_model_score,weak_strict,rugcheck_missing_fallback,0.1,2248,0.0026690391459074734,1.0,1.0,1.0,0.0026690391459074734,0,0
old_weak_xgboost_token,token_model_score,weak_strict,rugcheck_missing_fallback,0.2,2248,0.002224199288256228,1.0,0.8333333333333334,0.9090909090909091,0.0026690391459074734,0,1
old_weak_xgboost_token,token_model_score,weak_strict,rugcheck_missing_fallback,0.3,2248,0.0017793594306049821,1.0,0.6666666666666666,0.8,0.0026690391459074734,0,2
old_weak_xgboost_token,token_model_score,weak_strict,rugcheck_missing_fallback,0.5,2248,0.0017793594306049821,1.0,0.6666666666666666,0.8,0.0026690391459074734,0,2
old_weak_xgboost_token,token_model_score,weak_strict,rugcheck_missing_fallback,0.7,2248,0.0017793594306049821,1.0,0.6666666666666666,0.8,0.0026690391459074734,0,2
old_weak_xgboost_token,token_model_score,weak_strict,rugcheck_missing_fallback,0.9,2248,0.0008896797153024911,1.0,0.3333333333333333,0.5,0.0026690391459074734,0,4
graphsage_direct,graphsage_score,weak_strict,rugcheck_missing_fallback,0.01,2248,0.47686832740213525,0.005597014925373134,1.0,0.011131725417439703,0.0026690391459074734,1066,0
graphsage_direct,graphsage_score,weak_strict,rugcheck_missing_fallback,0.02,2248,0.451067615658363,0.005917159763313609,1.0,0.011764705882352941,0.0026690391459074734,1008,0
graphsage_direct,graphsage_score,weak_strict,rugcheck_missing_fallback,0.05,2248,0.4377224199288256,0.006097560975609756,1.0,0.012121212121212121,0.0026690391459074734,978,0
graphsage_direct,graphsage_score,weak_strict,rugcheck_missing_fallback,0.1,2248,0.376779359430605,0.0070838252656434475,1.0,0.01406799531066823,0.0026690391459074734,841,0
graphsage_direct,graphsage_score,weak_strict,rugcheck_missing_fallback,0.2,2248,0.12811387900355872,0.020833333333333332,1.0,0.04081632653061224,0.0026690391459074734,282,0
graphsage_direct,graphsage_score,weak_strict,rugcheck_missing_fallback,0.3,2248,0.0849644128113879,0.031413612565445025,1.0,0.06091370558375635,0.0026690391459074734,185,0
graphsage_direct,graphsage_score,weak_strict,rugcheck_missing_fallback,0.5,2248,0.04848754448398576,0.05504587155963303,1.0,0.10434782608695652,0.0026690391459074734,103,0
graphsage_direct,graphsage_score,weak_strict,rugcheck_missing_fallback,0.7,2248,0.025355871886120998,0.10526315789473684,1.0,0.19047619047619047,0.0026690391459074734,51,0
graphsage_direct,graphsage_score,weak_strict,rugcheck_missing_fallback,0.9,2248,0.00800711743772242,0.3333333333333333,1.0,0.5,0.0026690391459074734,12,0
old_weak_xgboost_token_graphsage,combined_model_score,weak_strict,rugcheck_missing_fallback,0.01,2248,0.013790035587188613,0.1935483870967742,1.0,0.32432432432432434,0.0026690391459074734,25,0
old_weak_xgboost_token_graphsage,combined_model_score,weak_strict,rugcheck_missing_fallback,0.02,2248,0.007562277580071174,0.35294117647058826,1.0,0.5217391304347826,0.0026690391459074734,11,0
old_weak_xgboost_token_graphsage,combined_model_score,weak_strict,rugcheck_missing_fallback,0.05,2248,0.0035587188612099642,0.75,1.0,0.8571428571428571,0.0026690391459074734,2,0
old_weak_xgboost_token_graphsage,combined_model_score,weak_strict,rugcheck_missing_fallback,0.1,2248,0.0026690391459074734,1.0,1.0,1.0,0.0026690391459074734,0,0
old_weak_xgboost_token_graphsage,combined_model_score,weak_strict,rugcheck_missing_fallback,0.2,2248,0.0026690391459074734,1.0,1.0,1.0,0.0026690391459074734,0,0
old_weak_xgboost_token_graphsage,combined_model_score,weak_strict,rugcheck_missing_fallback,0.3,2248,0.0026690391459074734,1.0,1.0,1.0,0.0026690391459074734,0,0
old_weak_xgboost_token_graphsage,combined_model_score,weak_strict,rugcheck_missing_fallback,0.5,2248,0.0013345195729537367,1.0,0.5,0.6666666666666666,0.0026690391459074734,0,3
old_weak_xgboost_token_graphsage,combined_model_score,weak_strict,rugcheck_missing_fallback,0.7,2248,0.0013345195729537367,1.0,0.5,0.6666666666666666,0.0026690391459074734,0,3
old_weak_xgboost_token_graphsage,combined_model_score,weak_strict,rugcheck_missing_fallback,0.9,2248,0.00044483985765124553,1.0,0.16666666666666666,0.2857142857142857,0.0026690391459074734,0,5
rule_baseline,silver_label_score,weak_relaxed,rugcheck_missing_fallback,0.01,2248,1.0,0.9804270462633452,1.0,0.9901168014375562,0.9804270462633452,44,0
rule_baseline,silver_label_score,weak_relaxed,rugcheck_missing_fallback,0.02,2248,1.0,0.9804270462633452,1.0,0.9901168014375562,0.9804270462633452,44,0
rule_baseline,silver_label_score,weak_relaxed,rugcheck_missing_fallback,0.05,2248,1.0,0.9804270462633452,1.0,0.9901168014375562,0.9804270462633452,44,0
rule_baseline,silver_label_score,weak_relaxed,rugcheck_missing_fallback,0.1,2248,1.0,0.9804270462633452,1.0,0.9901168014375562,0.9804270462633452,44,0
rule_baseline,silver_label_score,weak_relaxed,rugcheck_missing_fallback,0.2,2248,1.0,0.9804270462633452,1.0,0.9901168014375562,0.9804270462633452,44,0
rule_baseline,silver_label_score,weak_relaxed,rugcheck_missing_fallback,0.3,2248,0.9804270462633452,1.0,1.0,1.0,0.9804270462633452,0,0
rule_baseline,silver_label_score,weak_relaxed,rugcheck_missing_fallback,0.5,2248,0.45195729537366547,1.0,0.46098003629764067,0.631055900621118,0.9804270462633452,0,1188
rule_baseline,silver_label_score,weak_relaxed,rugcheck_missing_fallback,0.7,2248,0.033807829181494664,1.0,0.034482758620689655,0.06666666666666667,0.9804270462633452,0,2128
rule_baseline,silver_label_score,weak_relaxed,rugcheck_missing_fallback,0.9,2248,0.0,0.0,0.0,0.0,0.9804270462633452,0,2204
old_weak_token_logistic,token_logistic_score,weak_relaxed,rugcheck_missing_fallback,0.01,2248,0.4679715302491103,0.9990494296577946,0.4768602540834846,0.6455773955773956,0.9804270462633452,1,1153
old_weak_token_logistic,token_logistic_score,weak_relaxed,rugcheck_missing_fallback,0.02,2248,0.45951957295373663,0.9990319457889641,0.46823956442831216,0.6376274328081557,0.9804270462633452,1,1172
old_weak_token_logistic,token_logistic_score,weak_relaxed,rugcheck_missing_fallback,0.05,2248,0.45062277580071175,0.9990128331688055,0.4591651542649728,0.6291576002486788,0.9804270462633452,1,1192
old_weak_token_logistic,token_logistic_score,weak_relaxed,rugcheck_missing_fallback,0.1,2248,0.38033807829181493,1.0,0.3879310344827586,0.5590062111801242,0.9804270462633452,0,1349
old_weak_token_logistic,token_logistic_score,weak_relaxed,rugcheck_missing_fallback,0.2,2248,0.19261565836298933,1.0,0.19646098003629764,0.32840348881304515,0.9804270462633452,0,1771
old_weak_token_logistic,token_logistic_score,weak_relaxed,rugcheck_missing_fallback,0.3,2248,0.08540925266903915,1.0,0.08711433756805807,0.16026711185308848,0.9804270462633452,0,2012
old_weak_token_logistic,token_logistic_score,weak_relaxed,rugcheck_missing_fallback,0.5,2248,0.03425266903914591,1.0,0.034936479128856626,0.06751424813678211,0.9804270462633452,0,2127
old_weak_token_logistic,token_logistic_score,weak_relaxed,rugcheck_missing_fallback,0.7,2248,0.019572953736654804,1.0,0.019963702359346643,0.03914590747330961,0.9804270462633452,0,2160
old_weak_token_logistic,token_logistic_score,weak_relaxed,rugcheck_missing_fallback,0.9,2248,0.009786476868327402,1.0,0.009981851179673321,0.019766397124887692,0.9804270462633452,0,2182
old_weak_xgboost_token,token_model_score,weak_relaxed,rugcheck_missing_fallback,0.01,2248,0.02001779359430605,1.0,0.02041742286751361,0.040017785682525564,0.9804270462633452,0,2159
old_weak_xgboost_token,token_model_score,weak_relaxed,rugcheck_missing_fallback,0.02,2248,0.0071174377224199285,1.0,0.007259528130671506,0.014414414414414415,0.9804270462633452,0,2188
old_weak_xgboost_token,token_model_score,weak_relaxed,rugcheck_missing_fallback,0.05,2248,0.0035587188612099642,1.0,0.003629764065335753,0.007233273056057866,0.9804270462633452,0,2196
old_weak_xgboost_token,token_model_score,weak_relaxed,rugcheck_missing_fallback,0.1,2248,0.0026690391459074734,1.0,0.0027223230490018148,0.005429864253393665,0.9804270462633452,0,2198
old_weak_xgboost_token,token_model_score,weak_relaxed,rugcheck_missing_fallback,0.2,2248,0.002224199288256228,1.0,0.002268602540834846,0.004526935264825713,0.9804270462633452,0,2199
old_weak_xgboost_token,token_model_score,weak_relaxed,rugcheck_missing_fallback,0.3,2248,0.0017793594306049821,1.0,0.0018148820326678765,0.0036231884057971015,0.9804270462633452,0,2200
old_weak_xgboost_token,token_model_score,weak_relaxed,rugcheck_missing_fallback,0.5,2248,0.0017793594306049821,1.0,0.0018148820326678765,0.0036231884057971015,0.9804270462633452,0,2200
old_weak_xgboost_token,token_model_score,weak_relaxed,rugcheck_missing_fallback,0.7,2248,0.0017793594306049821,1.0,0.0018148820326678765,0.0036231884057971015,0.9804270462633452,0,2200
old_weak_xgboost_token,token_model_score,weak_relaxed,rugcheck_missing_fallback,0.9,2248,0.0008896797153024911,1.0,0.0009074410163339383,0.001813236627379873,0.9804270462633452,0,2202
graphsage_direct,graphsage_score,weak_relaxed,rugcheck_missing_fallback,0.01,2248,0.47686832740213525,0.9990671641791045,0.48593466424682397,0.6538461538461539,0.9804270462633452,1,1133
graphsage_direct,graphsage_score,weak_relaxed,rugcheck_missing_fallback,0.02,2248,0.451067615658363,0.9990138067061144,0.45961887477313973,0.6295835922933499,0.9804270462633452,1,1191
graphsage_direct,graphsage_score,weak_relaxed,rugcheck_missing_fallback,0.05,2248,0.4377224199288256,0.9989837398373984,0.4460072595281307,0.6166875784190715,0.9804270462633452,1,1221
graphsage_direct,graphsage_score,weak_relaxed,rugcheck_missing_fallback,0.1,2248,0.376779359430605,1.0,0.38430127041742285,0.5552277941658472,0.9804270462633452,0,1357
graphsage_direct,graphsage_score,weak_relaxed,rugcheck_missing_fallback,0.2,2248,0.12811387900355872,1.0,0.1306715063520871,0.23113964686998395,0.9804270462633452,0,1916
graphsage_direct,graphsage_score,weak_relaxed,rugcheck_missing_fallback,0.3,2248,0.0849644128113879,1.0,0.0866606170598911,0.15949895615866388,0.9804270462633452,0,2013
graphsage_direct,graphsage_score,weak_relaxed,rugcheck_missing_fallback,0.5,2248,0.04848754448398576,1.0,0.04945553539019964,0.09424989191526156,0.9804270462633452,0,2095
graphsage_direct,graphsage_score,weak_relaxed,rugcheck_missing_fallback,0.7,2248,0.025355871886120998,1.0,0.02586206896551724,0.05042016806722689,0.9804270462633452,0,2147
graphsage_direct,graphsage_score,weak_relaxed,rugcheck_missing_fallback,0.9,2248,0.00800711743772242,1.0,0.008166969147005444,0.016201620162016202,0.9804270462633452,0,2186
old_weak_xgboost_token_graphsage,combined_model_score,weak_relaxed,rugcheck_missing_fallback,0.01,2248,0.013790035587188613,1.0,0.014065335753176044,0.02774049217002237,0.9804270462633452,0,2173
old_weak_xgboost_token_graphsage,combined_model_score,weak_relaxed,rugcheck_missing_fallback,0.02,2248,0.007562277580071174,1.0,0.007713248638838476,0.01530841963079694,0.9804270462633452,0,2187
old_weak_xgboost_token_graphsage,combined_model_score,weak_relaxed,rugcheck_missing_fallback,0.05,2248,0.0035587188612099642,1.0,0.003629764065335753,0.007233273056057866,0.9804270462633452,0,2196
old_weak_xgboost_token_graphsage,combined_model_score,weak_relaxed,rugcheck_missing_fallback,0.1,2248,0.0026690391459074734,1.0,0.0027223230490018148,0.005429864253393665,0.9804270462633452,0,2198
old_weak_xgboost_token_graphsage,combined_model_score,weak_relaxed,rugcheck_missing_fallback,0.2,2248,0.0026690391459074734,1.0,0.0027223230490018148,0.005429864253393665,0.9804270462633452,0,2198
old_weak_xgboost_token_graphsage,combined_model_score,weak_relaxed,rugcheck_missing_fallback,0.3,2248,0.0026690391459074734,1.0,0.0027223230490018148,0.005429864253393665,0.9804270462633452,0,2198
old_weak_xgboost_token_graphsage,combined_model_score,weak_relaxed,rugcheck_missing_fallback,0.5,2248,0.0013345195729537367,1.0,0.0013611615245009074,0.002718622564567286,0.9804270462633452,0,2201
old_weak_xgboost_token_graphsage,combined_model_score,weak_relaxed,rugcheck_missing_fallback,0.7,2248,0.0013345195729537367,1.0,0.0013611615245009074,0.002718622564567286,0.9804270462633452,0,2201
old_weak_xgboost_token_graphsage,combined_model_score,weak_relaxed,rugcheck_missing_fallback,0.9,2248,0.00044483985765124553,1.0,0.00045372050816696913,0.0009070294784580499,0.9804270462633452,0,2203
